sid=&amp;ring=hentff98&amp;id=&amp;list
ring=yaoi28
mode=navigation&amp;categoryid=1141
lang=en
ring=bettie
cid=1691
ring=sgslash
ring=snape_slash_fleet;action=info;b=
ring=harrypotterforad
usernum=1934660440&amp;action=list&amp;siteid=
ring=slashrecs&amp;id=26&amp;hub
ring=aragornandlegola
ring=jedigrrls&amp;id=7&amp;list
ring=forceboyz;action=list
ring=hockeyfanficwrit&amp;id=2&amp;hub
ring=altxenafanfic
ring=difsubtext
ring=aressmut;action=info;b=
ring=invisiblemanslas
ring=mfuslash;action=info;b=
ring=smallvilleslash;action=info;b=
ring=smallvilleslash
ring=soapfanfictionri
ring=dsn;list
ring=sttng;action=info;b=
usernum=3614006703
ring=pkslash;action=info;b=
ring=stvoy;action=info;b=
ring=cpslash;action=info;b=
ring=treksmutu
ring=thenewstartreksl
ring=jdan
ring=shushstarskyandh
ring=mskring
ring=spenderficwriter&amp;list
ring=skinnerscully&amp;list
ring=doggettandscully
ring=skk
ring=msrring
file=/eguide/archive/1999/09/30/neva.dtl
ring=adultfic&amp;list
ring=nfic
ring=kinkslashring
ring=maturefanfiction
ring=pbslash
ring=slashrecs
ring=multiverseslashr
ring=slash;action=info;b=
id=6
user=submissiveblog
filter=sexfessions
fuseaction=viewauthors&amp;sortby=name
ring=literotica;action=info;b=
ring=eros&amp;id=190&amp;hub
ring=justforladies&amp;id=1&amp;hub
ring=writerssoul&amp;id=40&amp;hub
ring=amateurerotica&amp;id=35&amp;hub
ring=eroticring&amp;id=7&amp;hub
ring=communiqueerotiq&amp;id=11&amp;hub
ring=weberotica&amp;id=53&amp;hub
goto=charlie_hc_car_ol
ring=worlderotica&amp;list
action=info&amp;ring=hentracks
ring=escorts
sid=&amp;ring=escorts4you&amp;id=&amp;list
ring=maleescort2;list
ring=malescort;list
ring=exclusive_id;list
ring=laescort
ring=maleescort;list
ring=exclusive_;list
page=become-a-distributor
sid=00/04/13/1939221&amp;mode=nested
&amp;filter=a
c=3
win=zb980site
revid=22107
ids=20468
ring=thongbikini;action=list
ring=erotica29
ring=gg2642
x=0
loc=th
loc=idx&amp;lng=2
chlang=1
ring=uk_pro_domme;id=0;action=list
-ladyursula-&amp;http://mysite.ifriends.net/-ladyursula-/
id=1049
prov=on;city=toronto
adultindex
dest=%2fgroup%2falaskabound%2f
screen=ctgy&amp;store_code=fret&amp;category_code=200_gp
fuseaction=dsp_city&amp;c_city=hollywood
language=en
type=1&amp;cid=330
c=3&amp;v=3&amp;sn=1
id=00192&amp;search=valley
catlvl=2&amp;catid=21
page=asmfaq.html
dest=%2fgroup%2fblackerotica%2f
lc=1033&amp;id=24002&amp;ru=http%3a%2f%2fgroups%2emsn%2ecom%2fthewetpatch%2f%5fhomepage%2emsnw%3f%26pps%3dk&amp;tw=43200&amp;kv=5&amp;ct=1079499482&amp;cb=wscontext%3d%26wscommname%3dthe%252%30wet%252%30patch%26wsredir%3dhttp%253a%252f%252fgroups%252emsn%252ecom%252fthewetpatch%252f%255fhomepage%252emsnw%253f&amp;kpp=3&amp;ver=2.1.0173.1&amp;tpf=28d4f14507e4b33cb67a7666587205c1
ring=exotic_dance;action=info
ring=womenzerotica;action=list
ring=carla&amp;list
ring=iamwoman
ring=womynspoetry
q=pantheon
ring=bdsmartring;action=info;b=
ring=knottymoon;action=list
ring=spanking;action=list
ring=bbwbdsm
ring=familydiscipline
topic=7&amp;subtopic=11&amp;article=65
article_id=zzzuzruzglc&amp;sub_cat=355
article_id=28336
ring=stoppedos
rd=1
dest=%2fgroup%2fthecastersclub%2f
ring=giantess
dest=%2fgroup%2fhankyssneeze%2f
ring=erotichosering;action=list
ring=girdlering
ring=knottypantys;action=list
ring=overalls
ring=seductivesensual
ring=edgeplay&amp;list
ring=m4mleather&amp;list
ring=gaybondage
ring=seeme;list
ring=2968;list
ring=fhg;list
ring=raunch;list
ring=satbc;list
ring=akageckoring;list
ring=bareback;list
ring=gmstslv;list
ring=glbtsm;list
ring=suitandtie;list
ring=bearbutt;list
ring=bicafe_hangout;list
ring=ssrb88;list
ring=gaychub;list
ring=blatino;list
ring=dunal;list
ring=gac;list
ring=gcnf;list
ring=gaybondage;list
ring=gayb;list
ring=gaycowboy;list
ring=gaydildoring;list
ring=ghf;list
ring=gaylatin;list
ring=feet;list
ring=gaymilitary;list
ring=gmaring;list
ring=gaypornstars;list
ring=gsamr69;list
ring=gaymasterslaves;list
ring=gaymichigan13;list
ring=ggr;list
ring=koreagay;list
ring=qcr;list
ring=underwear;list
ring=prisonsex;list
ring=realmen;list
ring=sgguys;list
ring=roughstock;list
ring=swegay;list
ring=bootsring;list
ring=queercreative;list
ring=ugas;list
ring=wadersring;list
ring=masseur;list
ring=filthy;list
ring=88665896;list
ring=tdh;list
ring=gaydating
ring=tguniv;list
ring=tgchristians;list
ring=cdwr;list
user=friquisme
shopid=34
lg=de
pid=32
pid=31
action=index
action=index&amp;entryid=1097366362&amp;user=user_306723&amp;onsearch=1
htx=/germanfoot/main
id=47939
id=zoofiliafemenina
t=25286
op=modload&amp;name=news&amp;file=article&amp;sid=6
f=2
main_page=index&amp;language=fr
foldername=johnstark&amp;passok=yes
s=e94aefc976e0ef08e275706fb2204d7e&amp;p=574950&amp;postcount=218
9999
lang=jp&amp;seite=home
i=zenra
newlang=nor
uf=1&amp;local=1&amp;mnit=1
storytopic=4
forum=2&amp;topic=2396&amp;start=232&amp;limit=1
i0=asciiart&amp;i1=nude
scripts&amp;id=eyeswideshut
usernum=3572555672
dest=%2fgroup%2fpornoklubi%2f
do=catalog/show1&amp;p=3
categories_id=21
idr=9
kategorie=eros
tema=35/
kod=nmen
ring=innermoon;list
aid=animecels&amp;uid=188&amp;cmd=index
ring=pencilboard
sid=150
ring=ancon
size=1&amp;exif=&amp;page=all
ring=millennium
ring=vafandub
ring=kitsune;list
ring=vahope
ring=animetc
index&amp;ring=fansub_traders
ring=fansubs
ring=animeart&amp;list
ring=fanart&amp;list
ring=ffmlring
ring=fanfiction&amp;list
ring=animeartgoddess
ring=fanwork
ring=shoujo
usernum=3614242019&amp;action=list&amp;siteid=36217
ring=magicalgirl
ring=robots
ring=mecha
ring=animeskins
ring=animewebgraphic
categoryid=1
2
ring=midorikawahikaru
sid=12
1029432553140
ring=akira;list
reviewid=3306
id=4758
section=reviews&amp;id=4374
reviews/area88.html
t/j/a/series/s/191/main
idx=841
t/j/a/series/s/188/main
review=187
t/j/a/series/s/125/main
option=com_content&amp;task=category&amp;sectionid=9&amp;id=79&amp;itemid=77
ring=bakuretsu&amp;list
module=prodreviews&amp;func=showcontent&amp;id=292
t/j/a/series/s/187/main
t/j/a/series/s/127/main
ring=iadoresyaoranand
ring=cardcaptorsliand&amp;list
ring=sakurafans&amp;list
ring=syaoranring
ring=cardcaptorsfanf2
ring=kerosclowcardsof&amp;list
ring=maguscardcaptorr&amp;list
t/j/a/series/s/198/main
t/j/a/series/s/1504/main
ring=digicharat&amp;list
act=idx
env=-inlink/index:m368-11-1-3-s&amp;reset=1
1019275156290
t/j/a/series/s/118/main
ring=tokiya&amp;list
user=furuba
series=4&amp;page=11&amp;mode=page
ring=ryuuen&amp;list
ring=lekkashien
ring=fy
ring=1722
ring=chichiri
ring=fushigiyuugi&amp;list
ring=fyfanfics&amp;list
ring=nuriko&amp;list
ring=mtlovering&amp;list
ring=gateway&amp;list
id=111
ring=kintaro&amp;id=1&amp;list
env=-inlink/index:m1326-1-1-3-s&amp;reset=1
user=billion_dlr_boy
ring=flyingaway1x22x1
ring=antirelena
ring=nonyaoigwing
ring=gundam
ring=zeonunion;action=info;b=
ring=gscwebring
t/j/a/series/s/210/main
id=157
idx=205&amp;page=1&amp;viewtype=title&amp;initialkey=h
id=504
id=124
t/j/a/series/s/183/main
ring=hunterxhuntercir
t/j/a/series/s/211/main
ring=kaitoujeanne&amp;list
ring=karekano&amp;list
pid=41
cid=3201
ring=kimba&amp;index
id=161
ring=skycastle&amp;list
ring=logh;list
e
ring=mahoutsukaitai;list
anime=188
t/j/a/series/s/14/main
cid=3234
ring=mcogring
id=anime/naruto/narutomain
mforum=thekyuubiscurse
ring=asukastrikes
id=262
id=276
t/j/a/series/s/369/main
anime=pokemon
cid=2117
id=pokemon1.htm
id=pokemon2.htm
princess+mononoke
cid=1737
aid=/19991029/reviews/910290303/1023
ring=pmring&amp;list
id=320
seriesid=7878
ring=ofranma
ring=raakfevr&amp;list
ring=ranmance&amp;list
ring=raakfevr
1018691303528
ring=roseduelists
ring=skutena
id=466
id=682
id=526
contentid=10868
module=prodreviews&amp;func=showcontent&amp;id=341
id=399
contentid=6343
id=168
id=292
module=prodreviews&amp;func=showcontent&amp;id=340
id=467
num=25
module=prodreviews&amp;func=showcontent&amp;id=183
user=ravagdinnocence
987481662000
ring=berubara&amp;list
ring=rkfanfic
option=com_ewriting&amp;itemid=32
cat=29
ring=himurakenshinweb&amp;id=2&amp;hub
ring=kenkaoring
ring=saberj&amp;list
cat=5
ring=sailormooncardga&amp;id=1&amp;hub
ring=smpeace
ring=senshidreams
ring=sailorring
ring=eternalsailormoon
ring=asmring
ring=smlives
ring=neptunering
ring=crystalconnect
ring=crystalmoon
ring=sailorpluto
ring=efring
ring=nmoon
ring=galaxyofbishoujo
ring=guardian
ring=smoonmanga
ring=melon
ring=serenity17
ring=sailorx
ring=jupe
ring=millenium
ring=dreamsmring
ring=sailorslive
ring=smlovers
ring=moon16
ring=msanctuary
ring=moonies
ring=hany
ring=smrings
ring=diana
ring=smuniverse
ring=sailorandromeda
ring=unitering
ring=serenitypower
ring=dreamersmoon
ring=smsound&amp;list
ring=smcw&amp;index
ring=sailormoonthunt
ring=scoutawd
ring=soswebring
ring=chibichibifans
ring=chibichi
ring=projcure
ring=bwsmfc
ring=obsessedfc
ring=michiruka
ring=darienserena
ring=be83398
ring=sicoi&amp;index
ring=drdoom
ring=ficunite;index
ring=fanatic
ring=smficring
ring=sgreihino
ring=123445679&amp;index
ring=starspec&amp;index
ring=jupiterring&amp;list
ring=jupiter&amp;list
ring=reichansring&amp;list
ring=reverence&amp;list
ring=blaise&amp;list
ring=inner5&amp;index
ring=satr
ring=ringofpluto&amp;index
ring=cella&amp;index
ring=glaive&amp;index
ring=michiru&amp;index
ring=setsuna&amp;index
ring=plutodementia&amp;index
ring=sailorsaturnthev&amp;list
ring=monkichi&amp;index
ring=anotherstory&amp;list
ring=senshirpg;list
ring=seiyachan&amp;index
ring=starsring&amp;list
ring=vesves;index
ring=galaxia;index
ring=ringofevil;index
ring=mimete;index
ring=sttail&amp;id=1&amp;list
ring=sumire&amp;list
usernum=3200268504&amp;action=list
id=166
id=24
ring=shurato&amp;list
ring=sunfire
ring=theslayergang;list
ring=rosencrantz
ring=zelgadis
id=1772
sid=127
sid=122
movie=5714
article_no=992
id=221
aid=/20020920/reviews/209200306/1023
t/j/a/series/s/270/main
t/j/a/series/s/242/main
id=377
id=919
ring=qwring
id=94
id=352
ring=badguys&amp;list
ring=nastalgia;list
ring=klglsring&amp;list
ring=voltronsites&amp;list
ring=voltfics&amp;list
t/j/a/series/s/82/main
ring=rabidfarfiefangi
ring=botan;list
ring=yyhff
ring=catgirl&amp;list
ring=animecentral
ring=animev
ring=anime29
ring=anicards
ring=animedomain
ring=dogwood
ring=animesweets
ring=ringani
ring=shampysanimepals
ring=animecanada
ring=lodoss
ring=hitsgalleria
ring=cabbitlove
ring=nroar
ring=fansitesfansubs
ring=ryogaring
ring=selenitygardens
ring=anime3100
ring=amie&amp;list
ring=animemvs
ring=alliance99
ring=boyluv&amp;list
id=2058784
page=gr&amp;grid=3822
theme=cartoons
ring=heros
ring=superheroes
ring=2sd
propertyid=46
prodid=661
topic=aeon%20flux
propertyid=691
page=television&amp;pid=tv-6f99fa7c/animaniacs
ring=warners
s=&amp;forumid=2
l=wss&amp;r=http://www.wbstore.com/store/wbss.asp
p=animaniacs&amp;z=2&amp;acc=us&amp;alocale=1us&amp;hc=0&amp;hs=0
p=toani
1anim3
release_num=50251167
ring=animaniacs
usernum=1614441001&amp;action=list&amp;siteid=
v=hou9bx-vt1s
s=&amp;forumid=9
cid=2566
prodid=501
ring=arkham
ring=batgirl
ring=dark_knight
ring=catwoman
ring=arazel
ring=beavbutt
ring=bkbutt
channel=647&amp;format=tv&amp;theme=guide
ring=bettyboop
ring=bettyboop8
ring=boopvsbarb
ring=bettyboopworld
ring=boopin
ring=jadelynsbikermic&amp;id=1&amp;hub
cid=1597
cid=1773
cid=1596
prodid=891
op=modload&amp;name=reviews&amp;file=index&amp;req=showcontent&amp;id=74&amp;postnukesid=4ffd83f6a83bed55a04509c8a5d16c90
ring=videoland
ring=carebearkingdom
ring=mylittlecarebear
ring=hackwrench;action=list
v=_6n3giozpbi
id=2060921
articleid=detention.cfm
cat=5877
propertyid=558
ring=katz
3052
channel=110&amp;format=tv&amp;theme=guide
id=6830
prodid=86
ring=freakazoid_ring
id=english&amp;lang=eng
aff_id=0&amp;this_cat=television&amp;action=page&amp;obj_id=32888&amp;type_id=270286&amp;cat_id=270355&amp;sub_id=0
categoryid=14&amp;cs=1&amp;s=h&amp;p=0
q=n2rlytjkzgywnme5njrjntlmy2rizwuxmzg4ywiwmgq=
entryid=397361
vnu_content_id=1002726749
ring=galranger&amp;list
ring=uniz
ring=gargart
ring=gargs
ring=gargoylesrule
pick=98
storyid=4135154
ring=hello_kitty
ring=jxd
ring=sanrio2ooo
ring=winki
ring=hellokittypage
ring=unofficialhellok
ring=hellokittycentra
propertyid=146
prodid=608
ring=invaderzim;action=list
2655
lid=45&amp;qid=8167&amp;ppp=10
ring=ponypieces
ring=lofty
ring=mlp
ring=mylittleponytrad
cid=1590
propertyid=740
ring=pinkpanther
s=&amp;threadid=2960
prodid=209
id=15051&amp;d=1
ring=pinky
channel=625&amp;format=tv&amp;theme=cartoons
ring=popplesring
prodid=486
ring=gb
propertyid=49
ring=chucklove;list
ring=rugring;index